<?xml version="1.0"?>
<Interface Version="1" Minor="1">
	<Ifc Id="ROOT" Top="1">
		<Bus Id="ax">
			<Port Id="2" Dir="IN"/>
			<Port Id="1" Dir="IN"/>
		</Bus>
		<Bus Id="ay">
			<Port Id="2" Dir="IN"/>
			<Port Id="1" Dir="IN"/>
		</Bus>
		<Bus Id="Xa">
			<Port Id="4" Dir="IN"/>
			<Port Id="3" Dir="IN"/>
			<Port Id="2" Dir="IN"/>
			<Port Id="1" Dir="IN"/>
		</Bus>
		<Bus Id="Ye">
			<Port Id="4" Dir="OUT"/>
			<Port Id="3" Dir="OUT"/>
			<Port Id="2" Dir="OUT"/>
			<Port Id="1" Dir="OUT"/>
		</Bus>
	</Ifc>
</Interface>

